{"file":"hall.png","frames":{
"UI_TTZ_roomBG_02_png":{"x":8,"y":8,"w":1280,"h":150,"offX":0,"offY":0,"sourceW":1280,"sourceH":150},
"UI_TTZ_majiang_14_png":{"x":1922,"y":244,"w":31,"h":37,"offX":0,"offY":0,"sourceW":31,"sourceH":37},
"UI_TTZ_room_button_02_2_png":{"x":1292,"y":369,"w":230,"h":67,"offX":1,"offY":0,"sourceW":232,"sourceH":68},
"UI_TTZ_xianhong_01_png":{"x":8,"y":381,"w":412,"h":58,"offX":0,"offY":0,"sourceW":412,"sourceH":58},
"UI_TTZ_xianhong_03_png":{"x":436,"y":347,"w":412,"h":58,"offX":0,"offY":0,"sourceW":412,"sourceH":58},
"UI_TTZ_xianhong_02_png":{"x":8,"y":307,"w":412,"h":58,"offX":0,"offY":0,"sourceW":412,"sourceH":58},
"UI_TTZ_room_button_04_2_png":{"x":945,"y":258,"w":232,"h":68,"offX":0,"offY":0,"sourceW":232,"sourceH":68},
"UI_TTZ_majiang_04_png":{"x":2006,"y":8,"w":31,"h":37,"offX":0,"offY":0,"sourceW":31,"sourceH":37},
"UI_TTZ_xianhong_04_png":{"x":864,"y":347,"w":412,"h":58,"offX":0,"offY":0,"sourceW":412,"sourceH":58},
"UI_TTZ_room_button_01_2_png":{"x":945,"y":174,"w":232,"h":68,"offX":0,"offY":0,"sourceW":232,"sourceH":68},
"UI_TTZ_roomtatle_02_png":{"x":1875,"y":185,"w":115,"h":43,"offX":0,"offY":0,"sourceW":115,"sourceH":43},
"UI_TTZ_history_01_png":{"x":585,"y":174,"w":344,"h":157,"offX":0,"offY":0,"sourceW":344,"sourceH":157},
"UI_TTZ_roomtatle_03_png":{"x":1875,"y":67,"w":115,"h":43,"offX":0,"offY":0,"sourceW":115,"sourceH":43},
"UI_TTZ_roomtatle_01_png":{"x":1875,"y":8,"w":115,"h":43,"offX":0,"offY":0,"sourceW":115,"sourceH":43},
"UI_TTZ_majiang_74_png":{"x":2006,"y":114,"w":31,"h":37,"offX":0,"offY":0,"sourceW":31,"sourceH":37},
"UI_TTZ_room_button_04_png":{"x":436,"y":421,"w":232,"h":64,"offX":0,"offY":4,"sourceW":232,"sourceH":68},
"UI_TTZ_room_button_03_2_png":{"x":1538,"y":369,"w":230,"h":67,"offX":1,"offY":0,"sourceW":232,"sourceH":68},
"UI_TTZ_roomtatle_04_png":{"x":1875,"y":126,"w":115,"h":43,"offX":0,"offY":0,"sourceW":115,"sourceH":43},
"UI_TTZ_majiang_64_png":{"x":1969,"y":273,"w":31,"h":37,"offX":0,"offY":0,"sourceW":31,"sourceH":37},
"UI_TTZ_room_button_01_png":{"x":1784,"y":369,"w":232,"h":64,"offX":0,"offY":4,"sourceW":232,"sourceH":68},
"UI_TTZ_room_button_03_png":{"x":8,"y":455,"w":232,"h":64,"offX":0,"offY":4,"sourceW":232,"sourceH":68},
"UI_TTZ_room_button_02_png":{"x":1784,"y":449,"w":232,"h":64,"offX":0,"offY":4,"sourceW":232,"sourceH":68},
"UI_TTZ_room_02_png":{"x":684,"y":421,"w":258,"h":56,"offX":0,"offY":0,"sourceW":258,"sourceH":56},
"UI_TTZ_majiang_94_png":{"x":1240,"y":276,"w":31,"h":37,"offX":0,"offY":0,"sourceW":31,"sourceH":37},
"UI_TTZ_room_01_png":{"x":1304,"y":8,"w":555,"h":345,"offX":9,"offY":1,"sourceW":564,"sourceH":346},
"UI_TTZ_majiang_54_png":{"x":1875,"y":244,"w":31,"h":37,"offX":0,"offY":0,"sourceW":31,"sourceH":37},
"UI_TTZ_majiang_44_png":{"x":2006,"y":220,"w":31,"h":37,"offX":0,"offY":0,"sourceW":31,"sourceH":37},
"UI_TTZ_logo_01_png":{"x":8,"y":174,"w":561,"h":117,"offX":0,"offY":1,"sourceW":562,"sourceH":118},
"UI_TTZ_majiang_84_png":{"x":2006,"y":61,"w":31,"h":37,"offX":0,"offY":0,"sourceW":31,"sourceH":37},
"UI_TTZ_frame_green_png":{"x":1193,"y":174,"w":58,"h":35,"offX":0,"offY":0,"sourceW":58,"sourceH":35},
"UI_TTZ_majiang_34_png":{"x":2006,"y":167,"w":31,"h":37,"offX":0,"offY":0,"sourceW":31,"sourceH":37},
"UI_TTZ_frame_yellow_png":{"x":1193,"y":225,"w":58,"h":35,"offX":0,"offY":0,"sourceW":58,"sourceH":35},
"UI_TTZ_majiang_24_png":{"x":1193,"y":276,"w":31,"h":37,"offX":0,"offY":0,"sourceW":31,"sourceH":37}}}