{"file":"tongsha.png","frames":{
"effect_wenzishang":{"x":0,"y":477,"w":375,"h":79,"offX":0,"offY":36,"sourceW":400,"sourceH":200},
"effect_wenzixia":{"x":0,"y":556,"w":379,"h":72,"offX":9,"offY":74,"sourceW":400,"sourceH":200},
"tongsha_00000":{"x":645,"y":252,"w":569,"h":199,"offX":110,"offY":84,"sourceW":800,"sourceH":330},
"tongsha_00001":{"x":0,"y":673,"w":658,"h":218,"offX":36,"offY":83,"sourceW":800,"sourceH":330},
"tongsha_00002":{"x":1238,"y":683,"w":608,"h":207,"offX":39,"offY":78,"sourceW":800,"sourceH":330},
"tongsha_00003":{"x":681,"y":0,"w":636,"h":252,"offX":39,"offY":78,"sourceW":800,"sourceH":330},
"tongsha_00004":{"x":645,"y":457,"w":704,"h":216,"offX":56,"offY":85,"sourceW":800,"sourceH":330},
"tongsha_00005":{"x":1238,"y":890,"w":581,"h":213,"offX":59,"offY":84,"sourceW":800,"sourceH":330},
"tongsha_00006":{"x":0,"y":891,"w":559,"h":234,"offX":91,"offY":84,"sourceW":800,"sourceH":330},
"tongsha_00007":{"x":658,"y":673,"w":580,"h":242,"offX":99,"offY":68,"sourceW":800,"sourceH":330},
"tongsha_00008":{"x":0,"y":238,"w":645,"h":239,"offX":100,"offY":71,"sourceW":800,"sourceH":330},
"tongsha_00009":{"x":0,"y":0,"w":681,"h":238,"offX":83,"offY":72,"sourceW":800,"sourceH":330},
"tongsha_00010":{"x":1317,"y":0,"w":672,"h":229,"offX":82,"offY":81,"sourceW":800,"sourceH":330},
"tongsha_00011":{"x":1317,"y":229,"w":670,"h":228,"offX":84,"offY":82,"sourceW":800,"sourceH":330},
"tongsha_00012":{"x":1349,"y":457,"w":646,"h":226,"offX":108,"offY":84,"sourceW":800,"sourceH":330},
"effect_sha":{"x":379,"y":477,"w":142,"h":126,"offX":0,"offY":0,"sourceW":142,"sourceH":126}}}