{"file":"pos.png","frames":{
"UI_28_majiangxulie_101":{"x":0,"y":164,"w":66,"h":73,"offX":0,"offY":11,"sourceW":66,"sourceH":84},
"UI_28_majiangxulie_102":{"x":129,"y":151,"w":65,"h":79,"offX":0,"offY":4,"sourceW":66,"sourceH":84},
"UI_28_majiangxulie_103":{"x":65,"y":82,"w":64,"h":81,"offX":0,"offY":1,"sourceW":66,"sourceH":84},
"UI_28_majiangxulie_104":{"x":0,"y":82,"w":65,"h":82,"offX":0,"offY":0,"sourceW":66,"sourceH":84},
"UI_28_majiangxulie_201":{"x":194,"y":151,"w":58,"h":70,"offX":0,"offY":9,"sourceW":58,"sourceH":80},
"UI_28_majiangxulie_202":{"x":66,"y":163,"w":58,"h":77,"offX":0,"offY":2,"sourceW":58,"sourceH":80},
"UI_28_majiangxulie_203":{"x":0,"y":237,"w":56,"h":77,"offX":0,"offY":0,"sourceW":58,"sourceH":80},
"UI_28_majiangxulie_204":{"x":194,"y":221,"w":39,"h":75,"offX":6,"offY":1,"sourceW":58,"sourceH":80},
"UI_28_majiangxulie_301":{"x":146,"y":79,"w":75,"h":72,"offX":0,"offY":10,"sourceW":75,"sourceH":83},
"UI_28_majiangxulie_302":{"x":146,"y":0,"w":74,"h":79,"offX":0,"offY":3,"sourceW":75,"sourceH":83},
"UI_28_majiangxulie_303":{"x":73,"y":0,"w":73,"h":82,"offX":0,"offY":0,"sourceW":75,"sourceH":83},
"UI_28_majiangxulie_304":{"x":0,"y":0,"w":73,"h":82,"offX":0,"offY":0,"sourceW":75,"sourceH":83}}}