{"width":512,"imagePath":"shaizhong_01_tex.png","height":1024,"name":"shaizhong_01","SubTexture":[{"width":408,"y":1,"height":308,"name":"TTZ_shaizhong_bg_01","x":1},{"frameY":-94,"y":519,"frameWidth":552,"frameX":-233,"frameHeight":310,"width":120,"height":108,"name":"TTZ_shaizhong_lr01","x":316},{"frameY":-112,"y":629,"frameWidth":552,"frameX":-198,"frameHeight":310,"width":130,"height":90,"name":"TTZ_shaizhong_lr10","x":266},{"frameY":-117,"y":192,"frameWidth":552,"frameX":-229,"frameHeight":310,"width":92,"height":77,"name":"TTZ_shaizhong_lr07","x":411},{"frameY":-81,"y":311,"frameWidth":552,"frameX":-201,"frameHeight":310,"width":157,"height":121,"name":"TTZ_shaizhong_lr02","x":166},{"frameY":-91,"y":545,"frameWidth":552,"frameX":-207,"frameHeight":310,"width":138,"height":91,"name":"TTZ_shaizhong_lr11","x":126},{"frameY":-99,"y":417,"frameWidth":552,"frameX":-190,"frameHeight":310,"width":168,"height":100,"name":"TTZ_shaizhong_lr03","x":325},{"frameY":-81,"y":440,"frameWidth":552,"frameX":-228,"frameHeight":310,"width":123,"height":116,"name":"TTZ_shaizhong_lr12","x":1},{"frameY":-115,"y":103,"frameWidth":552,"frameX":-229,"frameHeight":310,"width":85,"height":87,"name":"TTZ_shaizhong_lr08","x":411},{"frameY":-98,"y":311,"frameWidth":552,"frameX":-192,"frameHeight":310,"width":165,"height":104,"name":"TTZ_shaizhong_lr04","x":325},{"frameY":-101,"y":1,"frameWidth":552,"frameX":-259,"frameHeight":310,"width":76,"height":100,"name":"TTZ_shaizhong_lr13","x":411},{"frameY":-75,"y":311,"frameWidth":552,"frameX":-193,"frameHeight":310,"width":163,"height":127,"name":"TTZ_shaizhong_lr05","x":1},{"frameY":-124,"y":629,"frameWidth":552,"frameX":-253,"frameHeight":310,"width":74,"height":78,"name":"TTZ_shaizhong_lr14","x":398},{"frameY":-107,"y":558,"frameWidth":552,"frameX":-196,"frameHeight":310,"width":123,"height":61,"name":"TTZ_shaizhong_lr09","x":1},{"frameY":-90,"y":434,"frameWidth":552,"frameX":-209,"frameHeight":310,"width":148,"height":109,"name":"TTZ_shaizhong_lr06","x":166},{"width":79,"y":709,"height":58,"name":"TTZ_shaizhong_light_01","x":398}]}