{"frameRate":15,"isGlobal":0,"name":"shaizhong_01","version":"5.5","armature":[{"skin":[{"name":"","slot":[{"display":[{"path":"TTZ_shaizhong_light_01","type":"image","name":"TTZ_shaizhong_light_01","transform":{"y":-28,"x":106.27}}],"name":"TZZ_button_01"},{"display":[{"path":"TTZ_shaizhong_lr14","type":"image","name":"TTZ_shaizhong_lr14","transform":{}},{"path":"TTZ_shaizhong_lr13","type":"image","name":"TTZ_shaizhong_lr13","transform":{}},{"path":"TTZ_shaizhong_lr12","type":"image","name":"TTZ_shaizhong_lr12","transform":{}},{"path":"TTZ_shaizhong_lr11","type":"image","name":"TTZ_shaizhong_lr11","transform":{}},{"path":"TTZ_shaizhong_lr10","type":"image","name":"TTZ_shaizhong_lr10","transform":{}},{"path":"TTZ_shaizhong_lr09","type":"image","name":"TTZ_shaizhong_lr09","transform":{}},{"path":"TTZ_shaizhong_lr08","type":"image","name":"TTZ_shaizhong_lr08","transform":{}},{"path":"TTZ_shaizhong_lr07","type":"image","name":"TTZ_shaizhong_lr07","transform":{}},{"path":"TTZ_shaizhong_lr06","type":"image","name":"TTZ_shaizhong_lr06","transform":{}},{"path":"TTZ_shaizhong_lr05","type":"image","name":"TTZ_shaizhong_lr05","transform":{}},{"path":"TTZ_shaizhong_lr04","type":"image","name":"TTZ_shaizhong_lr04","transform":{}},{"path":"TTZ_shaizhong_lr03","type":"image","name":"TTZ_shaizhong_lr03","transform":{}},{"path":"TTZ_shaizhong_lr02","type":"image","name":"TTZ_shaizhong_lr02","transform":{}},{"path":"TTZ_shaizhong_lr01","type":"image","name":"TTZ_shaizhong_lr01","transform":{}}],"name":"shaizi_01"},{"display":[{"path":"TTZ_shaizhong_bg_01","type":"image","name":"TTZ_shaizhong_bg_01","transform":{"x":-44}}],"name":"shaizhong_01"}]}],"animation":[{"frame":[],"duration":14,"bone":[{"scaleFrame":[],"translateFrame":[{"duration":14,"x":44}],"name":"TZZ_shaizhong_01","rotateFrame":[]}],"slot":[{"colorFrame":[],"name":"shaizhong_01","displayFrame":[]},{"colorFrame":[],"name":"shaizi_01","displayFrame":[{"value":13,"duration":1},{"value":12,"duration":1},{"value":11,"duration":1},{"value":10,"duration":1},{"value":9,"duration":1},{"value":8,"duration":1},{"value":7,"duration":1},{"value":6,"duration":1},{"value":5,"duration":1},{"value":4,"duration":1},{"value":3,"duration":1},{"value":2,"duration":1},{"value":1,"duration":1},{"duration":1},{"value":-1,"duration":0}]},{"colorFrame":[],"name":"TZZ_button_01","displayFrame":[{"duration":14},{"value":-1,"duration":0}]}],"ffd":[],"ik":[],"name":"roll","playTimes":0},{"frame":[],"duration":0,"bone":[{"scaleFrame":[],"translateFrame":[{"duration":0,"x":44}],"name":"TZZ_shaizhong_01","rotateFrame":[]}],"slot":[{"colorFrame":[],"name":"shaizhong_01","displayFrame":[]},{"colorFrame":[],"name":"shaizi_01","displayFrame":[{"value":-1,"duration":0}]},{"colorFrame":[],"name":"TZZ_button_01","displayFrame":[{"value":-1,"duration":0}]}],"ffd":[],"ik":[],"name":"stand","playTimes":0}],"type":"Armature","frameRate":15,"bone":[{"name":"TZZ_shaizhong_01","transform":{}}],"aabb":{"width":408,"y":-154,"height":308,"x":-248},"slot":[{"name":"shaizhong_01","parent":"TZZ_shaizhong_01","color":{}},{"displayIndex":-1,"z":1,"name":"shaizi_01","parent":"TZZ_shaizhong_01","color":{}},{"z":2,"name":"TZZ_button_01","parent":"TZZ_shaizhong_01","color":{}}],"ik":[],"defaultActions":[{"gotoAndPlay":"roll"}],"name":"TZZ_shaizhong_01"}]}