{
	"groups": [
		{
			"keys": "checkbox_select_disabled_png,checkbox_select_down_png,checkbox_select_up_png,checkbox_unselect_png,selected_png,border_png,header_png,radiobutton_select_disabled_png,radiobutton_select_down_png,radiobutton_select_up_png,radiobutton_unselect_png,roundthumb_png,handle_png,off_png,on_png,button_down_png,button_up_png,thumb_pb_png,track_pb_png,track_sb_png,load_Reel_png,UI_manu_bk_012_png,UI_manu_button_012_png,UI_manu_button_022_png,UI_manu_button_032_png,UI_manu_button_042_png,UI_manu_button_052_png,UI_manu_button_062_png,UI_manu_button_072_png,UI_manu_button_082_png,UI_manu_button_092_png,underlayment_png,bg_toast_png,bg_toast2_png,head_10_png,head_11_png,head_12_png,head_13_png,head_14_png,head_15_png,head_16_png,head_1_png,head_3_png,head_2_png,head_4_png,head_5_png,head_6_png,head_7_png,head_8_png,head_9_png,effect_di_00_png,effect_di00_png,effect_shun_0_png,effect_shun0_png,effect_tian_00_png,effect_tian00_png,pos_json,tongpei_json,tongsha_json,kuang_png,tzxz_png,zxmk_png,soundN202_mp3,majiang_pos_1_1_png,majiang_pos_1_2_png,majiang_pos_2_1_png,majiang_pos_2_2_png,majiang_pos_3_1_png,majiang_pos_3_2_png,majiang_pos_4_1_png,majiang_pos_4_2_png,majiang_pos_1_12_png,majiang_pos_1_22_png,majiang_pos_2_22_png,majiang_pos_3_12_png,majiang_pos_2_12_png,majiang_pos_3_22_png,majiang_pos_4_12_png,majiang_pos_4_22_png,bet_forbid_mp3,shaizhong_03_ske_json,shaizhong_03_tex_json,shaizhong_03_tex_png,shaizhong_01_ske_json,shaizhong_01_tex_json,shaizhong_01_tex_png,shaizhong_02_tex_json,shaizhong_02_ske_json,shaizhong_02_tex_png,TTZ_shaizhong_bg_01_png,shaizhong_01_tex2_png,shaizhong_01_tex2_json,shaizhong_01_ske2_json,shaizhong_02_ske2_json,shaizhong_02_tex2_json,shaizhong_02_tex2_png,shaizhong_03_ske2_json,shaizhong_03_tex2_json,shaizhong_03_tex2_png,TTZ_shaizhong_bg_012_png,buling_png,config_json,hall_json,UI_TTZ_roombg_01_jpg,eachUi_atlas0,eachUi,publicRES_atlas0,publicRES,game_json,UI_TTZ_BG_01_jpg,UI_TTZ_table_01_png,bg_gold_png,icon_gold_png,icon_player_png,icon_player_bg_png,icon_player_default_png,icon_player_edge_png,icon_player_empty_png,icon_player_other_png",
			"name": "preload"
		},
		{
			"keys": "UI_common_loading_03_png,UI_common_loading_02_png,UI_common_loading_01_png,loading_logo_png,loading_bg_jpg",
			"name": "loading"
		}
	],
	"resources": [
		{
			"url": "eui_assets/CheckBox/checkbox_select_disabled.png",
			"type": "image",
			"name": "checkbox_select_disabled_png"
		},
		{
			"url": "eui_assets/CheckBox/checkbox_select_down.png",
			"type": "image",
			"name": "checkbox_select_down_png"
		},
		{
			"url": "eui_assets/CheckBox/checkbox_select_up.png",
			"type": "image",
			"name": "checkbox_select_up_png"
		},
		{
			"url": "eui_assets/CheckBox/checkbox_unselect.png",
			"type": "image",
			"name": "checkbox_unselect_png"
		},
		{
			"url": "eui_assets/ItemRenderer/selected.png",
			"type": "image",
			"name": "selected_png"
		},
		{
			"url": "eui_assets/Panel/border.png",
			"type": "image",
			"name": "border_png"
		},
		{
			"url": "eui_assets/Panel/header.png",
			"type": "image",
			"name": "header_png"
		},
		{
			"url": "eui_assets/RadioButton/radiobutton_select_disabled.png",
			"type": "image",
			"name": "radiobutton_select_disabled_png"
		},
		{
			"url": "eui_assets/RadioButton/radiobutton_select_down.png",
			"type": "image",
			"name": "radiobutton_select_down_png"
		},
		{
			"url": "eui_assets/RadioButton/radiobutton_select_up.png",
			"type": "image",
			"name": "radiobutton_select_up_png"
		},
		{
			"url": "eui_assets/RadioButton/radiobutton_unselect.png",
			"type": "image",
			"name": "radiobutton_unselect_png"
		},
		{
			"url": "eui_assets/ScrollBar/roundthumb.png",
			"type": "image",
			"name": "roundthumb_png"
		},
		{
			"url": "eui_assets/ToggleSwitch/handle.png",
			"type": "image",
			"name": "handle_png"
		},
		{
			"url": "eui_assets/ToggleSwitch/off.png",
			"type": "image",
			"name": "off_png"
		},
		{
			"url": "eui_assets/ToggleSwitch/on.png",
			"type": "image",
			"name": "on_png"
		},
		{
			"url": "eui_assets/Button/button_down.png",
			"type": "image",
			"name": "button_down_png"
		},
		{
			"url": "eui_assets/Button/button_up.png",
			"type": "image",
			"name": "button_up_png"
		},
		{
			"url": "eui_assets/ProgressBar/thumb_pb.png",
			"type": "image",
			"name": "thumb_pb_png"
		},
		{
			"url": "eui_assets/ProgressBar/track_pb.png",
			"type": "image",
			"name": "track_pb_png"
		},
		{
			"url": "eui_assets/ScrollBar/track_sb.png",
			"type": "image",
			"name": "track_sb_png"
		},
		{
			"url": "assets/loading/UI_common_loading_03.png",
			"type": "image",
			"name": "UI_common_loading_03_png"
		},
		{
			"url": "assets/loading/UI_common_loading_02.png",
			"type": "image",
			"name": "UI_common_loading_02_png"
		},
		{
			"url": "assets/loading/UI_common_loading_01.png",
			"type": "image",
			"name": "UI_common_loading_01_png"
		},
		{
			"url": "assets/loading/loading_logo.png",
			"type": "image",
			"name": "loading_logo_png"
		},
		{
			"url": "assets/loading/loading_bg.jpg",
			"type": "image",
			"name": "loading_bg_jpg"
		},
		{
			"url": "assets/load_Reel.png",
			"type": "image",
			"name": "load_Reel_png"
		},
		{
			"url": "assets/erba/common/UI_manu_bk_01.png",
			"type": "image",
			"name": "UI_manu_bk_01_png"
		},
		{
			"url": "assets/erba/common/UI_manu_button_01.png",
			"type": "image",
			"name": "UI_manu_button_01_png"
		},
		{
			"url": "assets/erba/common/UI_manu_button_02.png",
			"type": "image",
			"name": "UI_manu_button_02_png"
		},
		{
			"url": "assets/erba/common/UI_manu_button_03.png",
			"type": "image",
			"name": "UI_manu_button_03_png"
		},
		{
			"url": "assets/erba/common/UI_manu_button_04.png",
			"type": "image",
			"name": "UI_manu_button_04_png"
		},
		{
			"url": "assets/erba/common/UI_manu_button_05.png",
			"type": "image",
			"name": "UI_manu_button_05_png"
		},
		{
			"url": "assets/erba/common/UI_manu_button_06.png",
			"type": "image",
			"name": "UI_manu_button_06_png"
		},
		{
			"url": "assets/erba/common/UI_manu_button_07.png",
			"type": "image",
			"name": "UI_manu_button_07_png"
		},
		{
			"url": "assets/erba/common/UI_manu_button_08.png",
			"type": "image",
			"name": "UI_manu_button_08_png"
		},
		{
			"url": "assets/erba/common/UI_manu_button_09.png",
			"type": "image",
			"name": "UI_manu_button_09_png"
		},
		{
			"url": "font/bar_plus_font.fnt",
			"type": "font",
			"name": "bar_plus_font_fnt"
		},
		{
			"url": "font/bar_plus_font.png",
			"type": "image",
			"name": "bar_plus_font_png"
		},
		{
			"url": "font/result.fnt",
			"type": "font",
			"name": "result_fnt"
		},
		{
			"url": "font/result.png",
			"type": "image",
			"name": "result_png"
		},
		{
			"url": "assets/erba/common/UI_manu_bk_01.png",
			"type": "image",
			"name": "UI_manu_bk_012_png"
		},
		{
			"url": "assets/erba/common/UI_manu_button_01.png",
			"type": "image",
			"name": "UI_manu_button_012_png"
		},
		{
			"url": "assets/erba/common/UI_manu_button_02.png",
			"type": "image",
			"name": "UI_manu_button_022_png"
		},
		{
			"url": "assets/erba/common/UI_manu_button_03.png",
			"type": "image",
			"name": "UI_manu_button_032_png"
		},
		{
			"url": "assets/erba/common/UI_manu_button_04.png",
			"type": "image",
			"name": "UI_manu_button_042_png"
		},
		{
			"url": "assets/erba/common/UI_manu_button_05.png",
			"type": "image",
			"name": "UI_manu_button_052_png"
		},
		{
			"url": "assets/erba/common/UI_manu_button_06.png",
			"type": "image",
			"name": "UI_manu_button_062_png"
		},
		{
			"url": "assets/erba/common/UI_manu_button_07.png",
			"type": "image",
			"name": "UI_manu_button_072_png"
		},
		{
			"url": "assets/erba/common/UI_manu_button_08.png",
			"type": "image",
			"name": "UI_manu_button_082_png"
		},
		{
			"url": "assets/erba/common/UI_manu_button_09.png",
			"type": "image",
			"name": "UI_manu_button_092_png"
		},
		{
			"url": "assets/erba/common/underlayment.png",
			"type": "image",
			"name": "underlayment_png"
		},
		{
			"url": "assets/erba/toast/bg_toast.png",
			"type": "image",
			"name": "bg_toast_png"
		},
		{
			"url": "assets/erba/toast/bg_toast.png",
			"type": "image",
			"name": "bg_toast2_png"
		},
		{
			"url": "assets/avater/head_10.png",
			"type": "image",
			"name": "head_10_png"
		},
		{
			"url": "assets/avater/head_11.png",
			"type": "image",
			"name": "head_11_png"
		},
		{
			"url": "assets/avater/head_12.png",
			"type": "image",
			"name": "head_12_png"
		},
		{
			"url": "assets/avater/head_13.png",
			"type": "image",
			"name": "head_13_png"
		},
		{
			"url": "assets/avater/head_14.png",
			"type": "image",
			"name": "head_14_png"
		},
		{
			"url": "assets/avater/head_15.png",
			"type": "image",
			"name": "head_15_png"
		},
		{
			"url": "assets/avater/head_16.png",
			"type": "image",
			"name": "head_16_png"
		},
		{
			"url": "assets/avater/head_1.png",
			"type": "image",
			"name": "head_1_png"
		},
		{
			"url": "assets/avater/head_3.png",
			"type": "image",
			"name": "head_3_png"
		},
		{
			"url": "assets/avater/head_2.png",
			"type": "image",
			"name": "head_2_png"
		},
		{
			"url": "assets/avater/head_4.png",
			"type": "image",
			"name": "head_4_png"
		},
		{
			"url": "assets/avater/head_5.png",
			"type": "image",
			"name": "head_5_png"
		},
		{
			"url": "assets/avater/head_6.png",
			"type": "image",
			"name": "head_6_png"
		},
		{
			"url": "assets/avater/head_7.png",
			"type": "image",
			"name": "head_7_png"
		},
		{
			"url": "assets/avater/head_8.png",
			"type": "image",
			"name": "head_8_png"
		},
		{
			"url": "assets/avater/head_9.png",
			"type": "image",
			"name": "head_9_png"
		},
		{
			"url": "assets/effect/hilight/effect_di00.png",
			"type": "image",
			"name": "effect_di00_png"
		},
		{
			"url": "assets/effect/hilight/effect_di_00.png",
			"type": "image",
			"name": "effect_di_00_png"
		},
		{
			"url": "assets/effect/hilight/effect_shun0.png",
			"type": "image",
			"name": "effect_shun0_png"
		},
		{
			"url": "assets/effect/hilight/effect_shun_0.png",
			"type": "image",
			"name": "effect_shun_0_png"
		},
		{
			"url": "assets/effect/hilight/effect_tian00.png",
			"type": "image",
			"name": "effect_tian00_png"
		},
		{
			"url": "assets/effect/hilight/effect_tian_00.png",
			"type": "image",
			"name": "effect_tian_00_png"
		},
		{
			"url": "assets/effect/tsk/kuang.png",
			"type": "image",
			"name": "kuang_png"
		},
		{
			"url": "assets/effect/tsk/tzxz.png",
			"type": "image",
			"name": "tzxz_png"
		},
		{
			"url": "assets/effect/tsk/zxmk.png",
			"type": "image",
			"name": "zxmk_png"
		},
		{
			"url": "assets/effect/pos/pos.json",
			"type": "sheet",
			"name": "pos_json",
			"subkeys": "UI_28_majiangxulie_101,UI_28_majiangxulie_102,UI_28_majiangxulie_103,UI_28_majiangxulie_104,UI_28_majiangxulie_201,UI_28_majiangxulie_202,UI_28_majiangxulie_203,UI_28_majiangxulie_204,UI_28_majiangxulie_301,UI_28_majiangxulie_302,UI_28_majiangxulie_303,UI_28_majiangxulie_304"
		},
		{
			"url": "assets/effect/tongpei/tongpei.json",
			"type": "sheet",
			"name": "tongpei_json",
			"subkeys": "1,2,3,4,5,6,tp_00,tp_01,tp_02,tp_03,tp_04,tp_05,tp_06,tp_07,tp_08,tp_09"
		},
		{
			"url": "assets/effect/tongsha/tongsha.json",
			"type": "sheet",
			"name": "tongsha_json",
			"subkeys": "effect_sha,effect_wenzishang,effect_wenzixia,tongsha_00000,tongsha_00001,tongsha_00002,tongsha_00003,tongsha_00004,tongsha_00005,tongsha_00006,tongsha_00007,tongsha_00008,tongsha_00009,tongsha_00010,tongsha_00011,tongsha_00012"
		},
		{
			"url": "assets/erba/sound/bar_game_all_kill.mp3",
			"type": "sound",
			"name": "bar_game_all_kill_mp3"
		},
		{
			"url": "assets/erba/sound/bar_game_all_win.mp3",
			"type": "sound",
			"name": "bar_game_all_win_mp3"
		},
		{
			"url": "assets/erba/sound/bar_game_kill_effect.mp3",
			"type": "sound",
			"name": "bar_game_kill_effect_mp3"
		},
		{
			"url": "assets/erba/sound/bar_game_start.mp3",
			"type": "sound",
			"name": "bar_game_start_mp3"
		},
		{
			"url": "assets/erba/sound/bar_open_card.mp3",
			"type": "sound",
			"name": "bar_open_card_mp3"
		},
		{
			"url": "assets/erba/sound/bar_player_win.mp3",
			"type": "sound",
			"name": "bar_player_win_mp3"
		},
		{
			"url": "assets/erba/sound/bar_send_card.mp3",
			"type": "sound",
			"name": "bar_send_card_mp3"
		},
		{
			"url": "assets/erba/sound/bar_throw_dice.mp3",
			"type": "sound",
			"name": "bar_throw_dice_mp3"
		},
		{
			"url": "assets/erba/sound/btn_click.mp3",
			"type": "sound",
			"name": "btn_click_mp3"
		},
		{
			"url": "assets/erba/sound/chipfly_long.mp3",
			"type": "sound",
			"name": "chipfly_long_mp3"
		},
		{
			"url": "assets/erba/sound/chipfly_short.mp3",
			"type": "sound",
			"name": "chipfly_short_mp3"
		},
		{
			"url": "assets/erba/sound/end_bet.mp3",
			"type": "sound",
			"name": "end_bet_mp3"
		},
		{
			"url": "assets/erba/sound/erba_sound_bgm.mp3",
			"type": "sound",
			"name": "erba_sound_bgm_mp3"
		},
		{
			"url": "assets/erba/sound/soundN0.mp3",
			"type": "sound",
			"name": "soundN0_mp3"
		},
		{
			"url": "assets/erba/sound/soundN1.mp3",
			"type": "sound",
			"name": "soundN1_mp3"
		},
		{
			"url": "assets/erba/sound/soundN11.mp3",
			"type": "sound",
			"name": "soundN11_mp3"
		},
		{
			"url": "assets/erba/sound/soundN12.mp3",
			"type": "sound",
			"name": "soundN12_mp3"
		},
		{
			"url": "assets/erba/sound/soundN13.mp3",
			"type": "sound",
			"name": "soundN13_mp3"
		},
		{
			"url": "assets/erba/sound/soundN14.mp3",
			"type": "sound",
			"name": "soundN14_mp3"
		},
		{
			"url": "assets/erba/sound/soundN15.mp3",
			"type": "sound",
			"name": "soundN15_mp3"
		},
		{
			"url": "assets/erba/sound/soundN16.mp3",
			"type": "sound",
			"name": "soundN16_mp3"
		},
		{
			"url": "assets/erba/sound/soundN17.mp3",
			"type": "sound",
			"name": "soundN17_mp3"
		},
		{
			"url": "assets/erba/sound/soundN18.mp3",
			"type": "sound",
			"name": "soundN18_mp3"
		},
		{
			"url": "assets/erba/sound/soundN19.mp3",
			"type": "sound",
			"name": "soundN19_mp3"
		},
		{
			"url": "assets/erba/sound/soundN2.mp3",
			"type": "sound",
			"name": "soundN2_mp3"
		},
		{
			"url": "assets/erba/sound/soundN20.mp3",
			"type": "sound",
			"name": "soundN20_mp3"
		},
		{
			"url": "assets/erba/sound/soundN21.mp3",
			"type": "sound",
			"name": "soundN21_mp3"
		},
		{
			"url": "assets/erba/sound/soundN22.mp3",
			"type": "sound",
			"name": "soundN22_mp3"
		},
		{
			"url": "assets/erba/sound/soundN23.mp3",
			"type": "sound",
			"name": "soundN23_mp3"
		},
		{
			"url": "assets/erba/sound/soundN24.mp3",
			"type": "sound",
			"name": "soundN24_mp3"
		},
		{
			"url": "assets/erba/sound/soundN25.mp3",
			"type": "sound",
			"name": "soundN25_mp3"
		},
		{
			"url": "assets/erba/sound/soundN26.mp3",
			"type": "sound",
			"name": "soundN26_mp3"
		},
		{
			"url": "assets/erba/sound/soundN27.mp3",
			"type": "sound",
			"name": "soundN27_mp3"
		},
		{
			"url": "assets/erba/sound/soundN28.mp3",
			"type": "sound",
			"name": "soundN28_mp3"
		},
		{
			"url": "assets/erba/sound/soundN29.mp3",
			"type": "sound",
			"name": "soundN29_mp3"
		},
		{
			"url": "assets/erba/sound/soundN3.mp3",
			"type": "sound",
			"name": "soundN3_mp3"
		},
		{
			"url": "assets/erba/sound/soundN4.mp3",
			"type": "sound",
			"name": "soundN4_mp3"
		},
		{
			"url": "assets/erba/sound/soundN5.mp3",
			"type": "sound",
			"name": "soundN5_mp3"
		},
		{
			"url": "assets/erba/sound/soundN6.mp3",
			"type": "sound",
			"name": "soundN6_mp3"
		},
		{
			"url": "assets/erba/sound/soundN7.mp3",
			"type": "sound",
			"name": "soundN7_mp3"
		},
		{
			"url": "assets/erba/sound/soundN8.mp3",
			"type": "sound",
			"name": "soundN8_mp3"
		},
		{
			"url": "assets/erba/sound/soundN9.mp3",
			"type": "sound",
			"name": "soundN9_mp3"
		},
		{
			"url": "assets/erba/sound/start_bet.mp3",
			"type": "sound",
			"name": "start_bet_mp3"
		},
		{
			"url": "assets/erba/sound/time_out_notice.mp3",
			"type": "sound",
			"name": "time_out_notice_mp3"
		},
		{
			"url": "assets/erba/sound/soundN20.mp3",
			"type": "sound",
			"name": "soundN202_mp3"
		},
		{
			"url": "assets/effect/hilight/majiang_pos_1_1.png",
			"type": "image",
			"name": "majiang_pos_1_1_png"
		},
		{
			"url": "assets/effect/hilight/majiang_pos_1_2.png",
			"type": "image",
			"name": "majiang_pos_1_2_png"
		},
		{
			"url": "assets/effect/hilight/majiang_pos_2_1.png",
			"type": "image",
			"name": "majiang_pos_2_1_png"
		},
		{
			"url": "assets/effect/hilight/majiang_pos_2_2.png",
			"type": "image",
			"name": "majiang_pos_2_2_png"
		},
		{
			"url": "assets/effect/hilight/majiang_pos_3_1.png",
			"type": "image",
			"name": "majiang_pos_3_1_png"
		},
		{
			"url": "assets/effect/hilight/majiang_pos_3_2.png",
			"type": "image",
			"name": "majiang_pos_3_2_png"
		},
		{
			"url": "assets/effect/hilight/majiang_pos_4_1.png",
			"type": "image",
			"name": "majiang_pos_4_1_png"
		},
		{
			"url": "assets/effect/hilight/majiang_pos_4_2.png",
			"type": "image",
			"name": "majiang_pos_4_2_png"
		},
		{
			"url": "assets/effect/hilight/majiang_pos_1_1.png",
			"type": "image",
			"name": "majiang_pos_1_12_png"
		},
		{
			"url": "assets/effect/hilight/majiang_pos_1_2.png",
			"type": "image",
			"name": "majiang_pos_1_22_png"
		},
		{
			"url": "assets/effect/hilight/majiang_pos_2_2.png",
			"type": "image",
			"name": "majiang_pos_2_22_png"
		},
		{
			"url": "assets/effect/hilight/majiang_pos_3_1.png",
			"type": "image",
			"name": "majiang_pos_3_12_png"
		},
		{
			"url": "assets/effect/hilight/majiang_pos_2_1.png",
			"type": "image",
			"name": "majiang_pos_2_12_png"
		},
		{
			"url": "assets/effect/hilight/majiang_pos_3_2.png",
			"type": "image",
			"name": "majiang_pos_3_22_png"
		},
		{
			"url": "assets/effect/hilight/majiang_pos_4_1.png",
			"type": "image",
			"name": "majiang_pos_4_12_png"
		},
		{
			"url": "assets/effect/hilight/majiang_pos_4_2.png",
			"type": "image",
			"name": "majiang_pos_4_22_png"
		},
		{
			"url": "assets/erba/sound/bet_forbid.mp3",
			"type": "sound",
			"name": "bet_forbid_mp3"
		},
		{
			"url": "assets/effect/dice/shaizhong_03/shaizhong_03_ske.json",
			"type": "json",
			"name": "shaizhong_03_ske_json"
		},
		{
			"url": "assets/effect/dice/shaizhong_03/shaizhong_03_tex.json",
			"type": "json",
			"name": "shaizhong_03_tex_json"
		},
		{
			"url": "assets/effect/dice/shaizhong_03/shaizhong_03_tex.png",
			"type": "image",
			"name": "shaizhong_03_tex_png"
		},
		{
			"url": "assets/effect/dice/shaizhong_01/shaizhong_01_ske.json",
			"type": "json",
			"name": "shaizhong_01_ske_json"
		},
		{
			"url": "assets/effect/dice/shaizhong_01/shaizhong_01_tex.json",
			"type": "json",
			"name": "shaizhong_01_tex_json"
		},
		{
			"url": "assets/effect/dice/shaizhong_01/shaizhong_01_tex.png",
			"type": "image",
			"name": "shaizhong_01_tex_png"
		},
		{
			"url": "assets/effect/dice/shaizhong_02/shaizhong_02_tex.json",
			"type": "json",
			"name": "shaizhong_02_tex_json"
		},
		{
			"url": "assets/effect/dice/shaizhong_02/shaizhong_02_ske.json",
			"type": "json",
			"name": "shaizhong_02_ske_json"
		},
		{
			"url": "assets/effect/dice/shaizhong_02/shaizhong_02_tex.png",
			"type": "image",
			"name": "shaizhong_02_tex_png"
		},
		{
			"url": "assets/effect/dice/TTZ_shaizhong_bg_01.png",
			"type": "image",
			"name": "TTZ_shaizhong_bg_01_png"
		},
		{
			"url": "assets/effect/dice/shaizhong_01/shaizhong_01_tex.png",
			"type": "image",
			"name": "shaizhong_01_tex2_png"
		},
		{
			"url": "assets/effect/dice/shaizhong_01/shaizhong_01_tex.json",
			"type": "json",
			"name": "shaizhong_01_tex2_json"
		},
		{
			"url": "assets/effect/dice/shaizhong_01/shaizhong_01_ske.json",
			"type": "json",
			"name": "shaizhong_01_ske2_json"
		},
		{
			"url": "assets/effect/dice/shaizhong_02/shaizhong_02_ske.json",
			"type": "json",
			"name": "shaizhong_02_ske2_json"
		},
		{
			"url": "assets/effect/dice/shaizhong_02/shaizhong_02_tex.json",
			"type": "json",
			"name": "shaizhong_02_tex2_json"
		},
		{
			"url": "assets/effect/dice/shaizhong_02/shaizhong_02_tex.png",
			"type": "image",
			"name": "shaizhong_02_tex2_png"
		},
		{
			"url": "assets/effect/dice/shaizhong_03/shaizhong_03_ske.json",
			"type": "json",
			"name": "shaizhong_03_ske2_json"
		},
		{
			"url": "assets/effect/dice/shaizhong_03/shaizhong_03_tex.json",
			"type": "json",
			"name": "shaizhong_03_tex2_json"
		},
		{
			"url": "assets/effect/dice/shaizhong_03/shaizhong_03_tex.png",
			"type": "image",
			"name": "shaizhong_03_tex2_png"
		},
		{
			"url": "assets/effect/dice/TTZ_shaizhong_bg_01.png",
			"type": "image",
			"name": "TTZ_shaizhong_bg_012_png"
		},
		{
			"url": "assets/effect/hilight/buling.png",
			"type": "image",
			"name": "buling_png"
		},
		{
			"url": "assets/erba/hallScene/UI_TTZ_roombg_01.jpg",
			"type": "image",
			"name": "UI_TTZ_roombg_01_jpg"
		},
		{
			"url": "assets/erba/hallScene/hall.json",
			"type": "sheet",
			"name": "hall_json",
			"subkeys": "UI_TTZ_frame_green_png,UI_TTZ_frame_yellow_png,UI_TTZ_history_01_png,UI_TTZ_logo_01_png,UI_TTZ_majiang_04_png,UI_TTZ_majiang_14_png,UI_TTZ_majiang_24_png,UI_TTZ_majiang_34_png,UI_TTZ_majiang_44_png,UI_TTZ_majiang_54_png,UI_TTZ_majiang_64_png,UI_TTZ_majiang_74_png,UI_TTZ_majiang_84_png,UI_TTZ_majiang_94_png,UI_TTZ_roomBG_02_png,UI_TTZ_room_01_png,UI_TTZ_room_02_png,UI_TTZ_room_button_01_2_png,UI_TTZ_room_button_01_png,UI_TTZ_room_button_02_2_png,UI_TTZ_room_button_02_png,UI_TTZ_room_button_03_2_png,UI_TTZ_room_button_03_png,UI_TTZ_room_button_04_2_png,UI_TTZ_room_button_04_png,UI_TTZ_roomtatle_01_png,UI_TTZ_roomtatle_02_png,UI_TTZ_roomtatle_03_png,UI_TTZ_roomtatle_04_png,UI_TTZ_xianhong_01_png,UI_TTZ_xianhong_02_png,UI_TTZ_xianhong_03_png,UI_TTZ_xianhong_04_png"
		},
		{
			"url": "assets/erba/panel/eachUi.fui",
			"type": "bin",
			"name": "eachUi"
		},
		{
			"url": "assets/erba/panel/eachUi_atlas0.png",
			"type": "image",
			"name": "eachUi_atlas0"
		},
		{
			"url": "assets/erba/panel/publicRES.fui",
			"type": "bin",
			"name": "publicRES"
		},
		{
			"url": "assets/erba/panel/publicRES_atlas0.png",
			"type": "image",
			"name": "publicRES_atlas0"
		},
		{
			"url": "config/config.json",
			"type": "json",
			"name": "config_json"
		},
		{
			"name": "game_json",
			"type": "sheet",
			"url": "assets/erba/gameScene/game.json",
			"subkeys": "UI_TTZ_majiang_01_png,UI_TTZ_bankertotal_01_png,UI_TTZ_chips_001_png,UI_TTZ_chips_003_png,UI_TTZ_majiang_02_png,UI_TTZ_majiang_03_png,UI_TTZ_bankertotal_02_png,UI_TTZ_chips_002_png,pm_icon_two_png,UI_TTZ_result_tip_1_png,UI_TTZ_majiang_13_png,img_progress_2_png,img_progress_3_png,UI_TTZ_majiang_12_png,UI_TTZ_result_tip_2_png,UI_TTZ_chips_005_png,img_progress_1_png,UI_TTZ_majiang_11_png,UI_TTZ_chips_004_png,UI_TTZ_tipsB_01_png,UI_TTZ_result_tip_3_png,UI_TTZ_chips_103_png,UI_TTZ_playertotal_01_png,UI_TTZ_majiang_62_png,UI_TTZ_majiang_63_png,UI_TTZ_chips_light_01_png,UI_TTZ_chips_102_png,UI_TTZ_playertotal_02_png,UI_TTZ_majiang_61_png,UI_TTZ_chips_101_png,UI_TTZ_chips_105_png,UI_TTZ_majiang_71_png,UI_TTZ_chips_104_png,UI_TTZ_otherP_01_png,UI_TTZ_majiang_73_png,UI_TTZ_majiang_72_png,UI_TTZ_allplayersB_2nd_png,pm_icon_three_png,UI_TTZ_timer_01_png,UI_TTZ_majiang_43_png,UI_TTZ_chipsS_201_png,UI_TTZ_majiang_81_png,UI_TTZ_majiang_42_png,UI_TTZ_chipsS_404_png,UI_TTZ_allplayersB_3rd_png,UI_TTZ_chipsS_202_png,UI_TTZ_majiang_83_png,UI_TTZ_majiang_82_png,UI_TTZ_allplayersB_1st_png,UI_TTZ_chipsS_203_png,UI_TTZ_majiang_41_png,UI_TTZ_chipsS_405_png,pm_icon_first_png,UI_TTZ_chipsS_401_png,UI_TTZ_majiang_51_png,UI_TTZ_majiang_B2_png,UI_TTZ_majiang_92_png,UI_TTZ_majiang_93_png,UI_TTZ_majiang_B3_png,UI_TTZ_chipsS_402_png,UI_TTZ_majiang_52_png,UI_TTZ_majiang_B1_png,UI_TTZ_majiang_91_png,UI_TTZ_chipsS_204_png,UI_TTZ_chipsS_205_png,UI_TTZ_majiang_53_png,UI_TTZ_chipsS_403_png,UI_TTZ_chipsS_302_png,UI_TTZ_player_01_png,UI_TTZ_majiang_21_png,UI_TTZ_chipsS_101_png,UI_TTZ_chipsS_303_png,UI_TTZ_chipsS_301_png,UI_TTZ_chipsS_103_png,UI_TTZ_majiang_23_png,UI_TTZ_handB_01_png,UI_TTZ_allplayers_04_png,UI_TTZ_majiang_22_png,UI_TTZ_chipsS_102_png,UI_TTZ_chipsS_304_png,UI_TTZ_majiang_32_png,UI_TTZ_allplayers_01_png,UI_TTZ_majiang_33_png,UI_TTZ_chipsS_305_png,UI_TTZ_bankerhand_01_png,UI_TTZ_chipsS_105_png,UI_TTZ_majiang_31_png,UI_TTZ_allplayers_03_png,UI_TTZ_allplayers_02_png,UI_TTZ_chipsS_104_png,UI_TTZ_bankerhand_02_png"
		},
		{
			"name": "UI_TTZ_BG_01_jpg",
			"type": "image",
			"url": "assets/erba/gameScene/UI_TTZ_BG_01.jpg"
		},
		{
			"name": "UI_TTZ_table_01_png",
			"type": "image",
			"url": "assets/erba/gameScene/UI_TTZ_table_01.png"
		},
		{
			"name": "bg_gold_png",
			"type": "image",
			"url": "assets/erba/player/bg_gold.png"
		},
		{
			"name": "icon_gold_png",
			"type": "image",
			"url": "assets/erba/player/icon_gold.png"
		},
		{
			"name": "icon_player_png",
			"type": "image",
			"url": "assets/erba/player/icon_player.png"
		},
		{
			"name": "icon_player_bg_png",
			"type": "image",
			"url": "assets/erba/player/icon_player_bg.png"
		},
		{
			"name": "icon_player_default_png",
			"type": "image",
			"url": "assets/erba/player/icon_player_default.png"
		},
		{
			"name": "icon_player_edge_png",
			"type": "image",
			"url": "assets/erba/player/icon_player_edge.png"
		},
		{
			"name": "icon_player_empty_png",
			"type": "image",
			"url": "assets/erba/player/icon_player_empty.png"
		},
		{
			"name": "icon_player_other_png",
			"type": "image",
			"url": "assets/erba/player/icon_player_other.png"
		}
	]
}