{
	"skins": {
		"eui.Button": "resource/eui_skins/ButtonSkin.exml",
		"eui.CheckBox": "resource/eui_skins/CheckBoxSkin.exml",
		"eui.HScrollBar": "resource/eui_skins/HScrollBarSkin.exml",
		"eui.Panel": "resource/eui_skins/PanelSkin.exml",
		"eui.TextInput": "resource/eui_skins/TextInputSkin.exml",
		"eui.ProgressBar": "resource/eui_skins/ProgressBarSkin.exml",
		"eui.RadioButton": "resource/eui_skins/RadioButtonSkin.exml",
		"eui.Scroller": "resource/eui_skins/ScrollerSkin.exml",
		"eui.ToggleSwitch": "resource/eui_skins/ToggleSwitchSkin.exml",
		"eui.ItemRenderer": "resource/eui_skins/ItemRendererSkin.exml",
		"Component.ProgressBar": "resource/skins/component/ProgressBar.exml",
		"component.Toast": "resource/skins/component/Toast.exml",
		"StateTipEffect": "resource/effect/ksxz.exml",
		"Effect_TongSha": "resource/effect/tongsha.exml",
		"Effect_TongPei": "resource/effect/tongpei.exml",
		"Effect_betpos_1": "resource/effect/shunhilight.exml",
		"Effect_betpos_2": "resource/effect/tianhilight.exml",
		"Effect_betpos_3": "resource/effect/dihilight.exml",
		"Effect_flipMJPos1": "resource/effect/pos1.exml",
		"Effect_flipMJPos2": "resource/effect/pos2.exml",
		"Effect_flipMJPos3": "resource/effect/pos3.exml",
		"Effect_MJPos_1": "resource/effect/majiang_pos_1.exml",
		"Effect_MJPos_2": "resource/effect/majiang_pos_2.exml",
		"Effect_MJPos_3": "resource/effect/majiang_pos_3.exml",
		"Effect_MJPos_4": "resource/effect/majiang_pos_4.exml",
		"Effect_tiangang": "resource/effect/tiangang.exml"
	},
	"autoGenerateExmlsList": true,
	"exmls": [
		"resource/effect/dihilight.exml",
		"resource/effect/ksxz.exml",
		"resource/effect/majiang_pos_1.exml",
		"resource/effect/majiang_pos_2.exml",
		"resource/effect/majiang_pos_3.exml",
		"resource/effect/majiang_pos_4.exml",
		"resource/effect/pos1.exml",
		"resource/effect/pos2.exml",
		"resource/effect/pos3.exml",
		"resource/effect/shunhilight.exml",
		"resource/effect/tiangang.exml",
		"resource/effect/tianhilight.exml",
		"resource/effect/tongpei.exml",
		"resource/effect/tongsha.exml",
		"resource/eui_skins/ButtonSkin.exml",
		"resource/eui_skins/CheckBoxSkin.exml",
		"resource/eui_skins/HScrollBarSkin.exml",
		"resource/eui_skins/ItemRendererSkin.exml",
		"resource/eui_skins/PanelSkin.exml",
		"resource/eui_skins/ProgressBarSkin.exml",
		"resource/eui_skins/RadioButtonSkin.exml",
		"resource/eui_skins/ScrollerSkin.exml",
		"resource/eui_skins/TextInputSkin.exml",
		"resource/eui_skins/ToggleSwitchSkin.exml",
		"resource/skins/component/AddMoneyAni.exml",
		"resource/skins/component/DiceView.exml",
		"resource/skins/component/MarqueeText.exml",
		"resource/skins/component/PlayerListItem.exml",
		"resource/skins/component/PlayerView.exml",
		"resource/skins/component/ProgressBar.exml",
		"resource/skins/component/test.exml",
		"resource/skins/component/Toast.exml",
		"resource/skins/erba/hallScene/ErbaHistory.exml",
		"resource/skins/erba/gameScene/ErbaGameScene.exml",
		"resource/skins/erba/hallScene/ErbaHallScene.exml",
		"resource/skins/erba/hallScene/ErbaHistoryItem.exml",
		"resource/skins/erba/hallScene/ErbaTabBarItem.exml",
		"resource/skins/erba/hallScene/HallListItem.exml",
		"resource/skins/erba/help/HelpSkin.exml",
		"resource/skins/erba/record/RecordItemSkin.exml",
		"resource/skins/erba/record/RecordSkin.exml",
		"resource/skins/LoadingUISkin.exml"
	],
	"path": "resource/default.thm.json"
}