{"file":"game.png","frames":{
"UI_TTZ_majiang_01_png":{"x":828,"y":492,"w":59,"h":58,"offX":0,"offY":0,"sourceW":59,"sourceH":58},
"UI_TTZ_bankertotal_01_png":{"x":222,"y":304,"w":240,"h":40,"offX":0,"offY":0,"sourceW":240,"sourceH":40},
"UI_TTZ_chips_001_png":{"x":222,"y":146,"w":129,"h":98,"offX":0,"offY":0,"sourceW":129,"sourceH":98},
"UI_TTZ_chips_003_png":{"x":572,"y":146,"w":129,"h":98,"offX":0,"offY":0,"sourceW":129,"sourceH":98},
"UI_TTZ_majiang_02_png":{"x":842,"y":769,"w":50,"h":58,"offX":0,"offY":0,"sourceW":50,"sourceH":58},
"UI_TTZ_majiang_03_png":{"x":581,"y":714,"w":57,"h":58,"offX":0,"offY":0,"sourceW":57,"sourceH":58},
"UI_TTZ_bankertotal_02_png":{"x":279,"y":983,"w":234,"h":31,"offX":0,"offY":0,"sourceW":234,"sourceH":31},
"UI_TTZ_chips_002_png":{"x":427,"y":869,"w":129,"h":98,"offX":0,"offY":0,"sourceW":129,"sourceH":98},
"pm_icon_two_png":{"x":638,"y":949,"w":47,"h":54,"offX":1,"offY":0,"sourceW":48,"sourceH":54},
"UI_TTZ_result_tip_1_png":{"x":222,"y":582,"w":120,"h":64,"offX":0,"offY":0,"sourceW":120,"sourceH":64},
"UI_TTZ_majiang_13_png":{"x":901,"y":621,"w":57,"h":58,"offX":0,"offY":0,"sourceW":57,"sourceH":58},
"img_progress_2_png":{"x":222,"y":415,"w":236,"h":39,"offX":3,"offY":3,"sourceW":242,"sourceH":45},
"img_progress_3_png":{"x":222,"y":360,"w":236,"h":39,"offX":3,"offY":3,"sourceW":242,"sourceH":45},
"UI_TTZ_majiang_12_png":{"x":842,"y":917,"w":50,"h":58,"offX":0,"offY":0,"sourceW":50,"sourceH":58},
"UI_TTZ_result_tip_2_png":{"x":358,"y":582,"w":120,"h":64,"offX":0,"offY":0,"sourceW":120,"sourceH":64},
"UI_TTZ_chips_005_png":{"x":8,"y":906,"w":129,"h":98,"offX":0,"offY":0,"sourceW":129,"sourceH":98},
"img_progress_1_png":{"x":222,"y":470,"w":236,"h":39,"offX":3,"offY":3,"sourceW":242,"sourceH":45},
"UI_TTZ_majiang_11_png":{"x":828,"y":418,"w":59,"h":58,"offX":0,"offY":0,"sourceW":59,"sourceH":58},
"UI_TTZ_chips_004_png":{"x":282,"y":869,"w":129,"h":98,"offX":0,"offY":0,"sourceW":129,"sourceH":98},
"UI_TTZ_tipsB_01_png":{"x":571,"y":302,"w":246,"h":43,"offX":0,"offY":0,"sourceW":246,"sourceH":43},
"UI_TTZ_result_tip_3_png":{"x":494,"y":582,"w":120,"h":63,"offX":0,"offY":0,"sourceW":120,"sourceH":64},
"UI_TTZ_chips_103_png":{"x":921,"y":146,"w":86,"h":86,"offX":0,"offY":0,"sourceW":86,"sourceH":86},
"UI_TTZ_playertotal_01_png":{"x":494,"y":661,"w":186,"h":37,"offX":0,"offY":0,"sourceW":186,"sourceH":37},
"UI_TTZ_majiang_62_png":{"x":842,"y":843,"w":50,"h":58,"offX":0,"offY":0,"sourceW":50,"sourceH":58},
"UI_TTZ_majiang_63_png":{"x":769,"y":788,"w":57,"h":58,"offX":0,"offY":0,"sourceW":57,"sourceH":58},
"UI_TTZ_chips_light_01_png":{"x":282,"y":718,"w":135,"h":135,"offX":0,"offY":0,"sourceW":135,"sourceH":135},
"UI_TTZ_chips_102_png":{"x":474,"y":361,"w":86,"h":86,"offX":0,"offY":0,"sourceW":86,"sourceH":86},
"UI_TTZ_playertotal_02_png":{"x":222,"y":525,"w":184,"h":41,"offX":0,"offY":0,"sourceW":184,"sourceH":41},
"UI_TTZ_majiang_61_png":{"x":903,"y":470,"w":59,"h":58,"offX":0,"offY":0,"sourceW":59,"sourceH":58},
"UI_TTZ_chips_101_png":{"x":576,"y":463,"w":86,"h":86,"offX":0,"offY":0,"sourceW":86,"sourceH":86},
"UI_TTZ_chips_105_png":{"x":474,"y":463,"w":86,"h":86,"offX":0,"offY":0,"sourceW":86,"sourceH":86},
"UI_TTZ_majiang_71_png":{"x":949,"y":248,"w":59,"h":58,"offX":0,"offY":0,"sourceW":59,"sourceH":58},
"UI_TTZ_chips_104_png":{"x":630,"y":361,"w":86,"h":86,"offX":0,"offY":0,"sourceW":86,"sourceH":86},
"UI_TTZ_otherP_01_png":{"x":833,"y":302,"w":100,"h":100,"offX":0,"offY":0,"sourceW":100,"sourceH":100},
"UI_TTZ_majiang_73_png":{"x":864,"y":695,"w":57,"h":58,"offX":0,"offY":0,"sourceW":57,"sourceH":58},
"UI_TTZ_majiang_72_png":{"x":647,"y":805,"w":50,"h":58,"offX":0,"offY":0,"sourceW":50,"sourceH":58},
"UI_TTZ_allplayersB_2nd_png":{"x":717,"y":224,"w":188,"h":62,"offX":0,"offY":0,"sourceW":188,"sourceH":62},
"pm_icon_three_png":{"x":638,"y":879,"w":48,"h":54,"offX":0,"offY":0,"sourceW":49,"sourceH":54},
"UI_TTZ_timer_01_png":{"x":630,"y":565,"w":72,"h":63,"offX":0,"offY":0,"sourceW":72,"sourceH":63},
"UI_TTZ_majiang_43_png":{"x":696,"y":657,"w":57,"h":58,"offX":0,"offY":0,"sourceW":57,"sourceH":58},
"UI_TTZ_chipsS_201_png":{"x":961,"y":910,"w":37,"h":31,"offX":0,"offY":0,"sourceW":37,"sourceH":31},
"UI_TTZ_majiang_81_png":{"x":678,"y":463,"w":59,"h":58,"offX":0,"offY":0,"sourceW":59,"sourceH":58},
"UI_TTZ_majiang_42_png":{"x":908,"y":769,"w":50,"h":58,"offX":0,"offY":0,"sourceW":50,"sourceH":58},
"UI_TTZ_chipsS_404_png":{"x":908,"y":843,"w":37,"h":31,"offX":0,"offY":0,"sourceW":37,"sourceH":31},
"UI_TTZ_allplayersB_3rd_png":{"x":717,"y":146,"w":188,"h":62,"offX":0,"offY":0,"sourceW":188,"sourceH":62},
"UI_TTZ_chipsS_202_png":{"x":974,"y":769,"w":37,"h":31,"offX":0,"offY":0,"sourceW":37,"sourceH":31},
"UI_TTZ_majiang_83_png":{"x":828,"y":566,"w":57,"h":58,"offX":0,"offY":0,"sourceW":57,"sourceH":58},
"UI_TTZ_majiang_82_png":{"x":581,"y":788,"w":50,"h":58,"offX":0,"offY":0,"sourceW":50,"sourceH":58},
"UI_TTZ_allplayersB_1st_png":{"x":367,"y":226,"w":188,"h":62,"offX":0,"offY":0,"sourceW":188,"sourceH":62},
"UI_TTZ_chipsS_203_png":{"x":754,"y":956,"w":37,"h":31,"offX":0,"offY":0,"sourceW":37,"sourceH":31},
"UI_TTZ_majiang_41_png":{"x":433,"y":769,"w":59,"h":58,"offX":0,"offY":0,"sourceW":59,"sourceH":58},
"UI_TTZ_chipsS_405_png":{"x":779,"y":909,"w":37,"h":31,"offX":0,"offY":0,"sourceW":37,"sourceH":31},
"pm_icon_first_png":{"x":903,"y":544,"w":56,"h":61,"offX":0,"offY":0,"sourceW":56,"sourceH":61},
"UI_TTZ_chipsS_401_png":{"x":576,"y":408,"w":37,"h":31,"offX":0,"offY":0,"sourceW":37,"sourceH":31},
"UI_TTZ_majiang_51_png":{"x":753,"y":509,"w":59,"h":58,"offX":0,"offY":0,"sourceW":59,"sourceH":58},
"UI_TTZ_majiang_B2_png":{"x":572,"y":862,"w":50,"h":58,"offX":0,"offY":0,"sourceW":50,"sourceH":58},
"UI_TTZ_majiang_92_png":{"x":654,"y":731,"w":50,"h":58,"offX":0,"offY":0,"sourceW":50,"sourceH":58},
"UI_TTZ_majiang_93_png":{"x":718,"y":583,"w":57,"h":58,"offX":0,"offY":0,"sourceW":57,"sourceH":58},
"UI_TTZ_majiang_B3_png":{"x":769,"y":714,"w":57,"h":58,"offX":0,"offY":0,"sourceW":57,"sourceH":58},
"UI_TTZ_chipsS_402_png":{"x":713,"y":805,"w":37,"h":31,"offX":0,"offY":0,"sourceW":37,"sourceH":31},
"UI_TTZ_majiang_52_png":{"x":572,"y":936,"w":50,"h":58,"offX":0,"offY":0,"sourceW":50,"sourceH":58},
"UI_TTZ_majiang_B1_png":{"x":753,"y":435,"w":59,"h":58,"offX":0,"offY":0,"sourceW":59,"sourceH":58},
"UI_TTZ_majiang_91_png":{"x":732,"y":361,"w":59,"h":58,"offX":0,"offY":0,"sourceW":59,"sourceH":58},
"UI_TTZ_chipsS_204_png":{"x":328,"y":662,"w":37,"h":31,"offX":0,"offY":0,"sourceW":37,"sourceH":31},
"UI_TTZ_chipsS_205_png":{"x":275,"y":662,"w":37,"h":31,"offX":0,"offY":0,"sourceW":37,"sourceH":31},
"UI_TTZ_majiang_53_png":{"x":791,"y":640,"w":57,"h":58,"offX":0,"offY":0,"sourceW":57,"sourceH":58},
"UI_TTZ_chipsS_403_png":{"x":701,"y":949,"w":37,"h":31,"offX":0,"offY":0,"sourceW":37,"sourceH":31},
"UI_TTZ_chipsS_302_png":{"x":779,"y":862,"w":37,"h":31,"offX":0,"offY":0,"sourceW":37,"sourceH":31},
"UI_TTZ_player_01_png":{"x":8,"y":8,"w":932,"h":122,"offX":0,"offY":0,"sourceW":932,"sourceH":122},
"UI_TTZ_majiang_21_png":{"x":949,"y":322,"w":59,"h":58,"offX":0,"offY":0,"sourceW":59,"sourceH":58},
"UI_TTZ_chipsS_101_png":{"x":978,"y":470,"w":37,"h":31,"offX":0,"offY":0,"sourceW":37,"sourceH":31},
"UI_TTZ_chipsS_303_png":{"x":975,"y":544,"w":37,"h":31,"offX":0,"offY":0,"sourceW":37,"sourceH":31},
"UI_TTZ_chipsS_301_png":{"x":974,"y":621,"w":37,"h":31,"offX":0,"offY":0,"sourceW":37,"sourceH":31},
"UI_TTZ_chipsS_103_png":{"x":908,"y":890,"w":37,"h":31,"offX":0,"offY":0,"sourceW":37,"sourceH":31},
"UI_TTZ_majiang_23_png":{"x":508,"y":788,"w":57,"h":58,"offX":0,"offY":0,"sourceW":57,"sourceH":58},
"UI_TTZ_handB_01_png":{"x":150,"y":718,"w":116,"h":157,"offX":0,"offY":0,"sourceW":116,"sourceH":157},
"UI_TTZ_allplayers_04_png":{"x":367,"y":146,"w":188,"h":64,"offX":0,"offY":0,"sourceW":188,"sourceH":64},
"UI_TTZ_majiang_22_png":{"x":937,"y":695,"w":50,"h":58,"offX":0,"offY":0,"sourceW":50,"sourceH":58},
"UI_TTZ_chipsS_102_png":{"x":478,"y":304,"w":37,"h":31,"offX":0,"offY":0,"sourceW":37,"sourceH":31},
"UI_TTZ_chipsS_304_png":{"x":961,"y":863,"w":37,"h":31,"offX":0,"offY":0,"sourceW":37,"sourceH":31},
"UI_TTZ_majiang_32_png":{"x":713,"y":862,"w":50,"h":58,"offX":0,"offY":0,"sourceW":50,"sourceH":58},
"UI_TTZ_allplayers_01_png":{"x":433,"y":662,"w":41,"h":91,"offX":0,"offY":0,"sourceW":41,"sourceH":91},
"UI_TTZ_majiang_33_png":{"x":508,"y":714,"w":57,"h":58,"offX":0,"offY":0,"sourceW":57,"sourceH":58},
"UI_TTZ_chipsS_305_png":{"x":974,"y":816,"w":37,"h":31,"offX":0,"offY":0,"sourceW":37,"sourceH":31},
"UI_TTZ_bankerhand_01_png":{"x":8,"y":718,"w":126,"h":172,"offX":0,"offY":0,"sourceW":126,"sourceH":172},
"UI_TTZ_chipsS_105_png":{"x":576,"y":361,"w":37,"h":31,"offX":0,"offY":0,"sourceW":37,"sourceH":31},
"UI_TTZ_majiang_31_png":{"x":949,"y":396,"w":59,"h":58,"offX":0,"offY":0,"sourceW":59,"sourceH":58},
"UI_TTZ_allplayers_03_png":{"x":8,"y":146,"w":198,"h":556,"offX":0,"offY":0,"sourceW":198,"sourceH":556},
"UI_TTZ_allplayers_02_png":{"x":956,"y":8,"w":41,"h":91,"offX":0,"offY":0,"sourceW":41,"sourceH":91},
"UI_TTZ_chipsS_104_png":{"x":222,"y":662,"w":37,"h":31,"offX":0,"offY":0,"sourceW":37,"sourceH":31},
"UI_TTZ_bankerhand_02_png":{"x":153,"y":891,"w":110,"h":110,"offX":0,"offY":0,"sourceW":110,"sourceH":110}}}