{"file":"tongpei.png","frames":{
"tp_05":{"x":1355,"y":353,"w":282,"h":115,"offX":18,"offY":33,"sourceW":330,"sourceH":182},
"tp_06":{"x":1637,"y":351,"w":282,"h":115,"offX":18,"offY":33,"sourceW":330,"sourceH":182},
"tp_07":{"x":1637,"y":236,"w":282,"h":115,"offX":18,"offY":33,"sourceW":330,"sourceH":182},
"tp_08":{"x":1637,"y":466,"w":224,"h":115,"offX":18,"offY":33,"sourceW":330,"sourceH":182},
"tp_09":{"x":1906,"y":0,"w":40,"h":95,"offX":18,"offY":33,"sourceW":330,"sourceH":182},
"1":{"x":545,"y":0,"w":545,"h":200,"offX":95,"offY":0,"sourceW":700,"sourceH":200},
"2":{"x":0,"y":0,"w":545,"h":200,"offX":95,"offY":0,"sourceW":700,"sourceH":200},
"3":{"x":1090,"y":0,"w":534,"h":200,"offX":96,"offY":0,"sourceW":700,"sourceH":200},
"4":{"x":0,"y":200,"w":545,"h":185,"offX":95,"offY":0,"sourceW":700,"sourceH":200},
"5":{"x":545,"y":200,"w":528,"h":121,"offX":96,"offY":33,"sourceW":700,"sourceH":200},
"6":{"x":545,"y":321,"w":517,"h":57,"offX":107,"offY":67,"sourceW":700,"sourceH":200},
"tp_00":{"x":1355,"y":236,"w":282,"h":117,"offX":18,"offY":31,"sourceW":330,"sourceH":182},
"tp_01":{"x":1624,"y":0,"w":282,"h":118,"offX":18,"offY":30,"sourceW":330,"sourceH":182},
"tp_02":{"x":1073,"y":200,"w":282,"h":118,"offX":18,"offY":30,"sourceW":330,"sourceH":182},
"tp_03":{"x":1624,"y":118,"w":282,"h":118,"offX":18,"offY":30,"sourceW":330,"sourceH":182},
"tp_04":{"x":1073,"y":318,"w":282,"h":115,"offX":18,"offY":33,"sourceW":330,"sourceH":182}}}