{"frameRate":15,"isGlobal":0,"armature":[{"skin":[{"name":"","slot":[{"display":[{"path":"TTZ_shaizhong_r102","type":"image","name":"TTZ_shaizhong_r102","transform":{}},{"path":"TTZ_shaizhong_r101","type":"image","name":"TTZ_shaizhong_r101","transform":{}},{"path":"TTZ_shaizhong_r011","type":"image","name":"TTZ_shaizhong_r011","transform":{}},{"path":"TTZ_shaizhong_r012","type":"image","name":"TTZ_shaizhong_r012","transform":{}},{"path":"TTZ_shaizhong_r013","type":"image","name":"TTZ_shaizhong_r013","transform":{}},{"path":"TTZ_shaizhong_r014","type":"image","name":"TTZ_shaizhong_r014","transform":{}},{"path":"TTZ_shaizhong_r015","type":"image","name":"TTZ_shaizhong_r015","transform":{}},{"path":"TTZ_shaizhong_r021","type":"image","name":"TTZ_shaizhong_r021","transform":{}},{"path":"TTZ_shaizhong_r022","type":"image","name":"TTZ_shaizhong_r022","transform":{}},{"path":"TTZ_shaizhong_r023","type":"image","name":"TTZ_shaizhong_r023","transform":{}},{"path":"TTZ_shaizhong_r024","type":"image","name":"TTZ_shaizhong_r024","transform":{}},{"path":"TTZ_shaizhong_r025","type":"image","name":"TTZ_shaizhong_r025","transform":{}},{"path":"TTZ_shaizhong_r031","type":"image","name":"TTZ_shaizhong_r031","transform":{}},{"path":"TTZ_shaizhong_r032","type":"image","name":"TTZ_shaizhong_r032","transform":{}},{"path":"TTZ_shaizhong_r033","type":"image","name":"TTZ_shaizhong_r033","transform":{}},{"path":"TTZ_shaizhong_r034","type":"image","name":"TTZ_shaizhong_r034","transform":{}},{"path":"TTZ_shaizhong_r035","type":"image","name":"TTZ_shaizhong_r035","transform":{}},{"path":"TTZ_shaizhong_r041","type":"image","name":"TTZ_shaizhong_r041","transform":{}},{"path":"TTZ_shaizhong_r042","type":"image","name":"TTZ_shaizhong_r042","transform":{}},{"path":"TTZ_shaizhong_r043","type":"image","name":"TTZ_shaizhong_r043","transform":{}},{"path":"TTZ_shaizhong_r044","type":"image","name":"TTZ_shaizhong_r044","transform":{}},{"path":"TTZ_shaizhong_r045","type":"image","name":"TTZ_shaizhong_r045","transform":{}},{"path":"TTZ_shaizhong_r051","type":"image","name":"TTZ_shaizhong_r051","transform":{}},{"path":"TTZ_shaizhong_r052","type":"image","name":"TTZ_shaizhong_r052","transform":{}},{"path":"TTZ_shaizhong_r053","type":"image","name":"TTZ_shaizhong_r053","transform":{}},{"path":"TTZ_shaizhong_r054","type":"image","name":"TTZ_shaizhong_r054","transform":{}},{"path":"TTZ_shaizhong_r055","type":"image","name":"TTZ_shaizhong_r055","transform":{}},{"path":"TTZ_shaizhong_r061","type":"image","name":"TTZ_shaizhong_r061","transform":{}},{"path":"TTZ_shaizhong_r062","type":"image","name":"TTZ_shaizhong_r062","transform":{}},{"path":"TTZ_shaizhong_r063","type":"image","name":"TTZ_shaizhong_r063","transform":{}},{"path":"TTZ_shaizhong_r064","type":"image","name":"TTZ_shaizhong_r064","transform":{}},{"path":"TTZ_shaizhong_r065","type":"image","name":"TTZ_shaizhong_r065","transform":{}}],"name":"shaizi_03"}]}],"type":"Armature","bone":[{"name":"TZZ_shaizhong_03","transform":{}}],"aabb":{"width":0,"y":0,"height":0,"x":0},"defaultActions":[{"gotoAndPlay":"01"}],"animation":[{"duration":30,"frame":[],"bone":[{"rotateFrame":[],"name":"TZZ_shaizhong_03","translateFrame":[{"duration":30,"x":44}],"scaleFrame":[]}],"slot":[{"colorFrame":[],"displayFrame":[{"value":1,"duration":1},{"duration":1},{"value":2,"duration":1},{"value":3,"duration":1},{"value":4,"duration":1},{"value":5,"duration":2},{"value":6,"duration":23},{"value":6,"duration":0}],"name":"shaizi_03"}],"ffd":[],"ik":[],"playTimes":0,"name":"01"},{"duration":30,"frame":[],"bone":[{"rotateFrame":[],"name":"TZZ_shaizhong_03","translateFrame":[{"duration":30,"x":44}],"scaleFrame":[]}],"slot":[{"colorFrame":[],"displayFrame":[{"value":1,"duration":1},{"duration":1},{"value":7,"duration":1},{"value":8,"duration":1},{"value":9,"duration":1},{"value":10,"duration":2},{"value":11,"duration":23},{"value":11,"duration":0}],"name":"shaizi_03"}],"ffd":[],"ik":[],"playTimes":0,"name":"02"},{"duration":30,"frame":[],"bone":[{"rotateFrame":[],"name":"TZZ_shaizhong_03","translateFrame":[{"duration":30,"x":44}],"scaleFrame":[]}],"slot":[{"colorFrame":[],"displayFrame":[{"value":1,"duration":1},{"duration":1},{"value":12,"duration":1},{"value":13,"duration":1},{"value":14,"duration":1},{"value":15,"duration":2},{"value":16,"duration":23},{"value":16,"duration":0}],"name":"shaizi_03"}],"ffd":[],"ik":[],"playTimes":0,"name":"03"},{"duration":30,"frame":[],"bone":[{"rotateFrame":[],"name":"TZZ_shaizhong_03","translateFrame":[{"duration":30,"x":44}],"scaleFrame":[]}],"slot":[{"colorFrame":[],"displayFrame":[{"value":1,"duration":1},{"duration":1},{"value":17,"duration":1},{"value":18,"duration":1},{"value":19,"duration":1},{"value":20,"duration":2},{"value":21,"duration":23},{"value":21,"duration":0}],"name":"shaizi_03"}],"ffd":[],"ik":[],"playTimes":0,"name":"04"},{"duration":30,"frame":[],"bone":[{"rotateFrame":[],"name":"TZZ_shaizhong_03","translateFrame":[{"duration":30,"x":44}],"scaleFrame":[]}],"slot":[{"colorFrame":[],"displayFrame":[{"value":1,"duration":1},{"duration":1},{"value":22,"duration":1},{"value":23,"duration":1},{"value":24,"duration":1},{"value":25,"duration":2},{"value":26,"duration":23},{"value":26,"duration":0}],"name":"shaizi_03"}],"ffd":[],"ik":[],"playTimes":0,"name":"05"},{"duration":30,"frame":[],"bone":[{"rotateFrame":[],"name":"TZZ_shaizhong_03","translateFrame":[{"duration":30,"x":44}],"scaleFrame":[]}],"slot":[{"colorFrame":[],"displayFrame":[{"value":1,"duration":1},{"duration":1},{"value":27,"duration":1},{"value":28,"duration":1},{"value":29,"duration":1},{"value":30,"duration":2},{"value":31,"duration":23},{"value":31,"duration":0}],"name":"shaizi_03"}],"ffd":[],"ik":[],"playTimes":0,"name":"06"}],"ik":[],"name":"TZZ_shaizhong_03","frameRate":15,"slot":[{"color":{},"name":"shaizi_03","parent":"TZZ_shaizhong_03","displayIndex":-1}]}],"name":"shaizhong_03","version":"5.5"}