{"width":256,"SubTexture":[{"frameWidth":552,"y":259,"frameHeight":310,"width":62,"frameX":-274,"height":48,"name":"TTZ_shaizhong_r013","frameY":-142,"x":64},{"frameWidth":552,"y":159,"frameHeight":310,"width":59,"frameX":-274,"height":53,"name":"TTZ_shaizhong_r035","frameY":-143,"x":137},{"frameWidth":552,"y":265,"frameHeight":310,"width":55,"frameX":-289,"height":51,"name":"TTZ_shaizhong_r031","frameY":-134,"x":189},{"frameWidth":552,"y":214,"frameHeight":310,"width":60,"frameX":-280,"height":49,"name":"TTZ_shaizhong_r042","frameY":-139,"x":193},{"frameWidth":552,"y":159,"frameHeight":310,"width":55,"frameX":-289,"height":51,"name":"TTZ_shaizhong_r041","frameY":-134,"x":198},{"frameWidth":552,"y":360,"frameHeight":310,"width":55,"frameX":-289,"height":51,"name":"TTZ_shaizhong_r011","frameY":-134,"x":1},{"frameWidth":552,"y":264,"frameHeight":310,"width":59,"frameX":-280,"height":49,"name":"TTZ_shaizhong_r032","frameY":-139,"x":128},{"frameWidth":552,"y":53,"frameHeight":310,"width":67,"frameX":-283,"height":51,"name":"TTZ_shaizhong_r061","frameY":-134,"x":150},{"frameWidth":552,"y":413,"frameHeight":310,"width":55,"frameX":-285,"height":48,"name":"TTZ_shaizhong_r052","frameY":-140,"x":1},{"frameWidth":552,"y":106,"frameHeight":310,"width":62,"frameX":-290,"height":51,"name":"TTZ_shaizhong_r021","frameY":-134,"x":144},{"frameWidth":552,"y":53,"frameHeight":310,"width":72,"frameX":-261,"height":49,"name":"TTZ_shaizhong_r025","frameY":-143,"x":76},{"frameWidth":552,"y":419,"frameHeight":310,"width":52,"frameX":-300,"height":45,"name":"TTZ_shaizhong_r101","frameY":-129,"x":187},{"frameWidth":552,"y":104,"frameHeight":310,"width":69,"frameX":-264,"height":49,"name":"TTZ_shaizhong_r015","frameY":-143,"x":73},{"frameWidth":552,"y":409,"frameHeight":310,"width":56,"frameX":-283,"height":49,"name":"TTZ_shaizhong_r022","frameY":-139,"x":58},{"frameWidth":552,"y":256,"frameHeight":310,"width":61,"frameX":-273,"height":50,"name":"TTZ_shaizhong_r024","frameY":-142,"x":1},{"frameWidth":552,"y":308,"frameHeight":310,"width":59,"frameX":-275,"height":50,"name":"TTZ_shaizhong_r064","frameY":-142,"x":1},{"frameWidth":552,"y":366,"frameHeight":310,"width":61,"frameX":-295,"height":45,"name":"TTZ_shaizhong_r102","frameY":-133,"x":124},{"frameWidth":552,"y":1,"frameHeight":310,"width":73,"frameX":-261,"height":50,"name":"TTZ_shaizhong_r014","frameY":-142,"x":80},{"frameWidth":552,"y":154,"frameHeight":310,"width":68,"frameX":-265,"height":49,"name":"TTZ_shaizhong_r065","frameY":-143,"x":1},{"frameWidth":552,"y":318,"frameHeight":310,"width":55,"frameX":-279,"height":50,"name":"TTZ_shaizhong_r044","frameY":-142,"x":189},{"frameWidth":552,"y":370,"frameHeight":310,"width":56,"frameX":-280,"height":47,"name":"TTZ_shaizhong_r053","frameY":-142,"x":187},{"frameWidth":552,"y":1,"frameHeight":310,"width":77,"frameX":-259,"height":48,"name":"TTZ_shaizhong_r043","frameY":-142,"x":1},{"frameWidth":552,"y":103,"frameHeight":310,"width":70,"frameX":-264,"height":49,"name":"TTZ_shaizhong_r055","frameY":-143,"x":1},{"frameWidth":552,"y":309,"frameHeight":310,"width":60,"frameX":-276,"height":48,"name":"TTZ_shaizhong_r023","frameY":-142,"x":62},{"frameWidth":552,"y":1,"frameHeight":310,"width":72,"frameX":-262,"height":50,"name":"TTZ_shaizhong_r054","frameY":-142,"x":155},{"frameWidth":552,"y":206,"frameHeight":310,"width":60,"frameX":-289,"height":51,"name":"TTZ_shaizhong_r051","frameY":-134,"x":67},{"frameWidth":552,"y":214,"frameHeight":310,"width":62,"frameX":-274,"height":48,"name":"TTZ_shaizhong_r033","frameY":-142,"x":129},{"frameWidth":552,"y":51,"frameHeight":310,"width":73,"frameX":-261,"height":50,"name":"TTZ_shaizhong_r034","frameY":-142,"x":1},{"frameWidth":552,"y":315,"frameHeight":310,"width":59,"frameX":-274,"height":49,"name":"TTZ_shaizhong_r045","frameY":-143,"x":128},{"frameWidth":552,"y":155,"frameHeight":310,"width":64,"frameX":-276,"height":49,"name":"TTZ_shaizhong_r012","frameY":-139,"x":71},{"frameWidth":552,"y":359,"frameHeight":310,"width":60,"frameX":-276,"height":48,"name":"TTZ_shaizhong_r063","frameY":-142,"x":62},{"frameWidth":552,"y":205,"frameHeight":310,"width":64,"frameX":-276,"height":49,"name":"TTZ_shaizhong_r062","frameY":-139,"x":1}],"height":512,"name":"shaizhong_03","imagePath":"shaizhong_03_tex.png"}