{"width":512,"SubTexture":[{"frameWidth":552,"y":56,"frameHeight":310,"width":66,"frameX":-199,"height":52,"name":"TTZ_shaizhong_l024","frameY":-147,"x":229},{"frameWidth":552,"y":204,"frameHeight":310,"width":56,"frameX":-233,"height":35,"name":"TTZ_shaizhong_l101","frameY":-167,"x":203},{"frameWidth":552,"y":160,"frameHeight":310,"width":65,"frameX":-200,"height":52,"name":"TTZ_shaizhong_l045","frameY":-147,"x":72},{"frameWidth":552,"y":1,"frameHeight":310,"width":68,"frameX":-202,"height":52,"name":"TTZ_shaizhong_l025","frameY":-147,"x":376},{"frameWidth":552,"y":164,"frameHeight":310,"width":56,"frameX":-212,"height":38,"name":"TTZ_shaizhong_l102","frameY":-164,"x":203},{"frameWidth":552,"y":217,"frameHeight":310,"width":63,"frameX":-202,"height":52,"name":"TTZ_shaizhong_l015","frameY":-147,"x":1},{"frameWidth":552,"y":214,"frameHeight":310,"width":67,"frameX":-187,"height":49,"name":"TTZ_shaizhong_l011","frameY":-153,"x":67},{"frameWidth":552,"y":106,"frameHeight":310,"width":65,"frameX":-187,"height":49,"name":"TTZ_shaizhong_l051","frameY":-153,"x":440},{"frameWidth":552,"y":106,"frameHeight":310,"width":70,"frameX":-198,"height":52,"name":"TTZ_shaizhong_l054","frameY":-147,"x":75},{"frameWidth":552,"y":55,"frameHeight":310,"width":74,"frameX":-193,"height":50,"name":"TTZ_shaizhong_l042","frameY":-152,"x":153},{"frameWidth":552,"y":208,"frameHeight":310,"width":62,"frameX":-192,"height":49,"name":"TTZ_shaizhong_l052","frameY":-152,"x":363},{"frameWidth":552,"y":209,"frameHeight":310,"width":62,"frameX":-188,"height":44,"name":"TTZ_shaizhong_l104","frameY":-158,"x":427},{"frameWidth":552,"y":1,"frameHeight":310,"width":74,"frameX":-200,"height":52,"name":"TTZ_shaizhong_l055","frameY":-147,"x":155},{"frameWidth":552,"y":55,"frameHeight":310,"width":72,"frameX":-200,"height":52,"name":"TTZ_shaizhong_l044","frameY":-147,"x":1},{"frameWidth":552,"y":255,"frameHeight":310,"width":59,"frameX":-198,"height":39,"name":"TTZ_shaizhong_l103","frameY":-163,"x":427},{"frameWidth":552,"y":107,"frameHeight":310,"width":65,"frameX":-201,"height":52,"name":"TTZ_shaizhong_l035","frameY":-147,"x":147},{"frameWidth":552,"y":160,"frameHeight":310,"width":64,"frameX":-194,"height":49,"name":"TTZ_shaizhong_l012","frameY":-152,"x":297},{"frameWidth":552,"y":106,"frameHeight":310,"width":65,"frameX":-187,"height":49,"name":"TTZ_shaizhong_l031","frameY":-153,"x":373},{"frameWidth":552,"y":55,"frameHeight":310,"width":65,"frameX":-187,"height":49,"name":"TTZ_shaizhong_l021","frameY":-153,"x":373},{"frameWidth":552,"y":161,"frameHeight":310,"width":62,"frameX":-196,"height":53,"name":"TTZ_shaizhong_l033","frameY":-148,"x":139},{"frameWidth":552,"y":157,"frameHeight":310,"width":62,"frameX":-187,"height":49,"name":"TTZ_shaizhong_l041","frameY":-153,"x":363},{"frameWidth":552,"y":109,"frameHeight":310,"width":64,"frameX":-187,"height":49,"name":"TTZ_shaizhong_l061","frameY":-153,"x":297},{"frameWidth":552,"y":55,"frameHeight":310,"width":76,"frameX":-191,"height":49,"name":"TTZ_shaizhong_l062","frameY":-152,"x":75},{"frameWidth":552,"y":55,"frameHeight":310,"width":65,"frameX":-194,"height":49,"name":"TTZ_shaizhong_l022","frameY":-152,"x":440},{"frameWidth":552,"y":55,"frameHeight":310,"width":66,"frameX":-196,"height":52,"name":"TTZ_shaizhong_l013","frameY":-149,"x":305},{"frameWidth":552,"y":109,"frameHeight":310,"width":69,"frameX":-199,"height":52,"name":"TTZ_shaizhong_l034","frameY":-147,"x":1},{"frameWidth":552,"y":1,"frameHeight":310,"width":74,"frameX":-195,"height":52,"name":"TTZ_shaizhong_l053","frameY":-149,"x":79},{"frameWidth":552,"y":163,"frameHeight":310,"width":64,"frameX":-196,"height":52,"name":"TTZ_shaizhong_l023","frameY":-149,"x":1},{"frameWidth":552,"y":1,"frameHeight":310,"width":72,"frameX":-193,"height":53,"name":"TTZ_shaizhong_l063","frameY":-148,"x":231},{"frameWidth":552,"y":1,"frameHeight":310,"width":62,"frameX":-201,"height":52,"name":"TTZ_shaizhong_l014","frameY":-147,"x":446},{"frameWidth":552,"y":1,"frameHeight":310,"width":76,"frameX":-198,"height":52,"name":"TTZ_shaizhong_l065","frameY":-147,"x":1},{"frameWidth":552,"y":110,"frameHeight":310,"width":65,"frameX":-201,"height":52,"name":"TTZ_shaizhong_l064","frameY":-147,"x":229},{"frameWidth":552,"y":157,"frameHeight":310,"width":63,"frameX":-191,"height":50,"name":"TTZ_shaizhong_l032","frameY":-152,"x":440},{"frameWidth":552,"y":1,"frameHeight":310,"width":69,"frameX":-196,"height":52,"name":"TTZ_shaizhong_l043","frameY":-149,"x":305}],"height":512,"name":"shaizhong_02","imagePath":"shaizhong_02_tex.png"}