{"frameRate":15,"isGlobal":0,"armature":[{"skin":[{"name":"","slot":[{"display":[{"path":"TTZ_shaizhong_l104","type":"image","name":"TTZ_shaizhong_l104","transform":{}},{"path":"TTZ_shaizhong_l103","type":"image","name":"TTZ_shaizhong_l103","transform":{}},{"path":"TTZ_shaizhong_l102","type":"image","name":"TTZ_shaizhong_l102","transform":{}},{"path":"TTZ_shaizhong_l101","type":"image","name":"TTZ_shaizhong_l101","transform":{}},{"path":"TTZ_shaizhong_l065","type":"image","name":"TTZ_shaizhong_l065","transform":{}},{"path":"TTZ_shaizhong_l064","type":"image","name":"TTZ_shaizhong_l064","transform":{}},{"path":"TTZ_shaizhong_l063","type":"image","name":"TTZ_shaizhong_l063","transform":{}},{"path":"TTZ_shaizhong_l062","type":"image","name":"TTZ_shaizhong_l062","transform":{}},{"path":"TTZ_shaizhong_l061","type":"image","name":"TTZ_shaizhong_l061","transform":{}},{"path":"TTZ_shaizhong_l055","type":"image","name":"TTZ_shaizhong_l055","transform":{}},{"path":"TTZ_shaizhong_l054","type":"image","name":"TTZ_shaizhong_l054","transform":{}},{"path":"TTZ_shaizhong_l053","type":"image","name":"TTZ_shaizhong_l053","transform":{}},{"path":"TTZ_shaizhong_l052","type":"image","name":"TTZ_shaizhong_l052","transform":{}},{"path":"TTZ_shaizhong_l051","type":"image","name":"TTZ_shaizhong_l051","transform":{}},{"path":"TTZ_shaizhong_l045","type":"image","name":"TTZ_shaizhong_l045","transform":{}},{"path":"TTZ_shaizhong_l044","type":"image","name":"TTZ_shaizhong_l044","transform":{}},{"path":"TTZ_shaizhong_l043","type":"image","name":"TTZ_shaizhong_l043","transform":{}},{"path":"TTZ_shaizhong_l042","type":"image","name":"TTZ_shaizhong_l042","transform":{}},{"path":"TTZ_shaizhong_l041","type":"image","name":"TTZ_shaizhong_l041","transform":{}},{"path":"TTZ_shaizhong_l035","type":"image","name":"TTZ_shaizhong_l035","transform":{}},{"path":"TTZ_shaizhong_l034","type":"image","name":"TTZ_shaizhong_l034","transform":{}},{"path":"TTZ_shaizhong_l033","type":"image","name":"TTZ_shaizhong_l033","transform":{}},{"path":"TTZ_shaizhong_l032","type":"image","name":"TTZ_shaizhong_l032","transform":{}},{"path":"TTZ_shaizhong_l031","type":"image","name":"TTZ_shaizhong_l031","transform":{}},{"path":"TTZ_shaizhong_l025","type":"image","name":"TTZ_shaizhong_l025","transform":{}},{"path":"TTZ_shaizhong_l024","type":"image","name":"TTZ_shaizhong_l024","transform":{}},{"path":"TTZ_shaizhong_l023","type":"image","name":"TTZ_shaizhong_l023","transform":{}},{"path":"TTZ_shaizhong_l022","type":"image","name":"TTZ_shaizhong_l022","transform":{}},{"path":"TTZ_shaizhong_l021","type":"image","name":"TTZ_shaizhong_l021","transform":{}},{"path":"TTZ_shaizhong_l015","type":"image","name":"TTZ_shaizhong_l015","transform":{}},{"path":"TTZ_shaizhong_l014","type":"image","name":"TTZ_shaizhong_l014","transform":{}},{"path":"TTZ_shaizhong_l013","type":"image","name":"TTZ_shaizhong_l013","transform":{}},{"path":"TTZ_shaizhong_l012","type":"image","name":"TTZ_shaizhong_l012","transform":{}},{"path":"TTZ_shaizhong_l011","type":"image","name":"TTZ_shaizhong_l011","transform":{}}],"name":"shaizi_02"}]}],"type":"Armature","bone":[{"name":"TZZ_shaizhong_02","transform":{}}],"aabb":{"width":0,"y":0,"height":0,"x":0},"defaultActions":[{"gotoAndPlay":"01"}],"animation":[{"duration":30,"frame":[],"bone":[{"rotateFrame":[],"name":"TZZ_shaizhong_02","translateFrame":[{"duration":30,"x":44}],"scaleFrame":[]}],"slot":[{"colorFrame":[],"displayFrame":[{"value":3,"duration":1},{"value":2,"duration":1},{"value":1,"duration":1},{"duration":1},{"value":33,"duration":1},{"value":32,"duration":1},{"value":31,"duration":1},{"value":30,"duration":2},{"value":29,"duration":21},{"value":29,"duration":0}],"name":"shaizi_02"}],"ffd":[],"ik":[],"playTimes":0,"name":"01"},{"duration":30,"frame":[],"bone":[{"rotateFrame":[],"name":"TZZ_shaizhong_02","translateFrame":[{"duration":30,"x":44}],"scaleFrame":[]}],"slot":[{"colorFrame":[],"displayFrame":[{"value":3,"duration":1},{"value":2,"duration":1},{"value":1,"duration":1},{"duration":1},{"value":28,"duration":1},{"value":27,"duration":1},{"value":26,"duration":1},{"value":25,"duration":2},{"value":24,"duration":21},{"value":24,"duration":0}],"name":"shaizi_02"}],"ffd":[],"ik":[],"playTimes":0,"name":"02"},{"duration":30,"frame":[],"bone":[{"rotateFrame":[],"name":"TZZ_shaizhong_02","translateFrame":[{"duration":30,"x":44}],"scaleFrame":[]}],"slot":[{"colorFrame":[],"displayFrame":[{"value":3,"duration":1},{"value":2,"duration":1},{"value":1,"duration":1},{"duration":1},{"value":23,"duration":1},{"value":22,"duration":1},{"value":21,"duration":1},{"value":20,"duration":2},{"value":19,"duration":21},{"value":19,"duration":0}],"name":"shaizi_02"}],"ffd":[],"ik":[],"playTimes":0,"name":"03"},{"duration":30,"frame":[],"bone":[{"rotateFrame":[],"name":"TZZ_shaizhong_02","translateFrame":[{"duration":30,"x":44}],"scaleFrame":[]}],"slot":[{"colorFrame":[],"displayFrame":[{"value":3,"duration":1},{"value":2,"duration":1},{"value":1,"duration":1},{"duration":1},{"value":18,"duration":1},{"value":17,"duration":1},{"value":16,"duration":1},{"value":15,"duration":2},{"value":14,"duration":21},{"value":14,"duration":0}],"name":"shaizi_02"}],"ffd":[],"ik":[],"playTimes":0,"name":"04"},{"duration":30,"frame":[],"bone":[{"rotateFrame":[],"name":"TZZ_shaizhong_02","translateFrame":[{"duration":30,"x":44}],"scaleFrame":[]}],"slot":[{"colorFrame":[],"displayFrame":[{"value":3,"duration":1},{"value":2,"duration":1},{"value":1,"duration":1},{"duration":1},{"value":13,"duration":1},{"value":12,"duration":1},{"value":11,"duration":1},{"value":10,"duration":2},{"value":9,"duration":21},{"value":9,"duration":0}],"name":"shaizi_02"}],"ffd":[],"ik":[],"playTimes":0,"name":"05"},{"duration":30,"frame":[],"bone":[{"rotateFrame":[],"name":"TZZ_shaizhong_02","translateFrame":[{"duration":30,"x":44}],"scaleFrame":[]}],"slot":[{"colorFrame":[],"displayFrame":[{"value":3,"duration":1},{"value":2,"duration":1},{"value":1,"duration":1},{"duration":1},{"value":8,"duration":1},{"value":7,"duration":1},{"value":6,"duration":1},{"value":5,"duration":2},{"value":4,"duration":21},{"value":4,"duration":0}],"name":"shaizi_02"}],"ffd":[],"ik":[],"playTimes":0,"name":"06"}],"ik":[],"name":"TZZ_shaizhong_02","frameRate":15,"slot":[{"color":{},"name":"shaizi_02","parent":"TZZ_shaizhong_02","displayIndex":-1}]}],"name":"shaizhong_02","version":"5.5"}